Region Code,Provider Code,Provider Name,Treatment Function Code,Treatment Function,>0-1,>1-2,>2-3,>3-4,>4-5,>5-6,>6-7,>7-8,>8-9,>9-10,>10-11,>11-12,>12-13,>13-14,>14-15,>15-16,>16-17,>17-18,>18-19,>19-20,>20-21,>21-22,>22-23,>23-24,>24-25,>25-26,>26-27,>27-28,>28-29,>29-30,>30-31,>31-32,>32-33,>33-34,>34-35,>35-36,>36-37,>37-38,>38-39,>39-40,>40-41,>41-42,>42-43,>43-44,>44-45,>45-46,>46-47,>47-48,>48-49,>49-50,>50-51,>51-52,>52-53,>53-54,>54-55,>55-56,>56-57,>57-58,>58-59,>59-60,>60-61,>61-62,>62-63,>63-64,>64-65,>65-66,>66-67,>67-68,>68-69,>69-70,>70-71,>71-72,>72-73,>73-74,>74-75,>75-76,>76-77,>77-78,>78-79,>79-80,>80-81,>81-82,>82-83,>83-84,>84-85,>85-86,>86-87,>87-88,>88-89,>89-90,>90-91,>91-92,>92-93,>93-94,>94-95,>95-96,>96-97,>97-98,>98-99,>99-100,>100-101,>101-102,>102-103,>103-104,104 plus,Total number of incomplete pathways,Total within 18 weeks,% within 18 weeks,Average (median) waiting time (in weeks),92nd percentile waiting time (in weeks),Total 52 plus weeks,Total 78 plus weeks,Total 65 plus weeks,% 52 plus weeks,period
Y62,RXN,LANCASHIRE TEACHING HOSPITALS NHS FOUNDATION TRUST,C_110,Trauma and Orthopaedic Service,94,177,129,133,155,109,142,95,194,185,195,90,139,165,154,134,120,33,42,101,112,208,121,214,179,90,39,73,101,78,57,89,55,69,43,18,26,33,23,33,27,41,18,25,30,25,18,22,11,15,19,15,6,2,4,0,1,0,0,0,0,1,0,0,0,0,0,0,0,0,0,0,0,0,0,0,0,0,0,0,0,0,0,0,0,0,0,0,0,0,0,0,0,0,0,0,0,0,0,0,0,0,0,0,0,4527,2443,0.539650982990943,15.8022388059701,37.2072727272727,14,0,0,0.0030925557764523,2026-04-01
Y62,RXN,LANCASHIRE TEACHING HOSPITALS NHS FOUNDATION TRUST,C_110,Trauma and Orthopaedic Service,168,176,132,181,224,132,114,128,48,52,117,104,122,209,130,132,104,147,91,184,123,105,62,65,93,64,62,51,51,55,54,64,39,49,49,45,41,38,40,20,37,32,20,22,29,22,13,11,10,7,2,7,12,6,4,4,4,4,1,1,1,0,0,0,0,0,0,0,0,0,0,0,0,0,0,0,0,0,0,0,0,0,0,0,0,0,0,0,0,0,0,0,0,0,0,0,0,0,0,0,0,0,0,0,0,4114,2420,0.588235294117647,15.1515151515152,37.4705263157895,37,0,0,,2025-02-01
Y62,RXN,LANCASHIRE TEACHING HOSPITALS NHS FOUNDATION TRUST,C_110,Trauma and Orthopaedic Service,48,203,193,98,111,190,146,136,183,146,77,125,49,34,88,102,111,161,130,119,81,90,78,102,81,95,60,58,68,49,51,49,39,50,41,58,24,40,38,37,44,33,29,14,17,17,11,17,12,10,6,8,4,3,0,0,1,0,1,0,0,1,0,0,0,0,0,0,0,0,0,0,0,0,0,0,0,0,0,0,0,0,0,0,0,0,0,0,0,0,0,0,0,0,0,0,0,0,0,0,0,0,0,0,0,3867,2201,0.569175071114559,16.0405405405405,37.841,10,0,0,0.0025859839668994,2025-03-01
Y62,RXN,LANCASHIRE TEACHING HOSPITALS NHS FOUNDATION TRUST,C_110,Trauma and Orthopaedic Service,106,172,128,165,191,157,128,136,154,134,125,112,147,43,74,98,104,122,79,80,98,127,87,81,65,68,78,82,41,60,34,28,37,51,30,36,37,33,27,26,17,26,10,25,11,21,12,22,14,20,5,4,6,9,4,3,6,4,2,0,0,4,0,3,2,0,0,1,0,2,0,1,1,0,1,0,0,0,0,0,0,0,0,0,0,0,0,0,0,0,0,0,0,0,0,0,0,0,0,0,0,0,0,0,0,3817,2296,0.601519517946031,14.1418918918919,37.5042424242424,49,0,6,,2024-03-01
Y62,RXN,LANCASHIRE TEACHING HOSPITALS NHS FOUNDATION TRUST,C_110,Trauma and Orthopaedic Service,156,155,144,204,140,134,153,145,128,41,104,107,123,111,112,88,147,139,71,112,70,97,118,95,44,83,28,44,56,55,36,50,56,37,40,27,36,27,28,26,24,25,9,23,22,24,9,9,11,11,7,3,6,7,3,2,4,6,2,7,3,0,1,2,0,3,0,1,1,3,1,0,1,0,2,0,0,0,0,0,0,0,0,0,0,0,0,0,0,0,1,0,0,0,0,0,0,0,0,0,0,0,0,0,0,3800,2331,0.613421052631579,14.4910714285714,37.3703703703704,56,1,13,,2024-02-01
Y62,RXN,LANCASHIRE TEACHING HOSPITALS NHS FOUNDATION TRUST,C_110,Trauma and Orthopaedic Service,103,112,162,115,100,97,200,160,104,117,122,138,135,124,94,94,63,47,48,81,103,98,108,73,87,58,89,78,65,88,59,48,53,53,40,47,24,34,40,34,28,29,26,22,23,27,17,14,7,11,8,6,5,2,3,0,1,1,0,0,0,0,0,0,0,0,0,0,0,0,0,0,0,0,0,0,0,0,0,0,0,0,0,0,0,0,0,0,0,0,0,0,0,0,0,0,0,0,0,0,0,0,0,0,0,3725,2087,0.560268456375839,14.781914893617,38.15,12,0,0,0.0032214765100671,2025-04-01
Y62,RXN,LANCASHIRE TEACHING HOSPITALS NHS FOUNDATION TRUST,C_110,Trauma and Orthopaedic Service,164,206,123,166,177,192,151,121,31,50,126,115,235,134,253,313,167,71,114,150,129,72,131,76,89,45,37,33,42,30,51,40,64,26,35,57,46,38,35,30,46,46,24,48,19,26,22,12,10,15,9,6,6,3,5,9,1,1,0,4,0,1,1,0,0,0,0,0,0,0,0,0,0,0,0,0,0,0,0,0,0,0,0,0,0,0,0,0,0,0,0,0,0,0,0,0,0,0,0,0,0,0,0,0,0,4479,2795,0.624023219468631,14.9822134387352,38.5908571428572,31,0,0,0.0069211877651261,2026-02-01
Y62,RXN,LANCASHIRE TEACHING HOSPITALS NHS FOUNDATION TRUST,C_110,Trauma and Orthopaedic Service,79,160,172,206,161,176,117,151,157,205,104,126,110,112,149,109,106,102,69,92,65,67,80,67,66,50,31,66,39,55,48,64,37,22,44,34,41,20,30,24,8,27,24,14,16,12,31,25,10,27,12,10,12,11,3,9,4,2,9,4,1,0,1,0,1,0,0,1,0,0,0,0,0,0,0,0,0,0,0,0,0,0,0,0,0,0,0,0,0,0,0,0,0,0,0,0,0,0,0,0,0,0,0,0,0,3887,2502,0.643684075122202,13.1741071428571,38.568,58,0,1,,2024-09-01
Y62,RXN,LANCASHIRE TEACHING HOSPITALS NHS FOUNDATION TRUST,C_110,Trauma and Orthopaedic Service,51,194,98,157,204,221,168,123,157,237,102,117,78,24,87,136,147,211,139,306,101,66,59,96,100,71,71,109,72,60,36,16,34,42,25,27,53,40,17,47,19,38,30,25,20,30,33,18,22,5,21,11,2,0,0,2,0,1,0,0,0,0,0,0,1,0,0,0,0,0,0,0,0,0,0,0,0,0,0,0,0,0,0,0,0,0,0,0,0,0,0,0,0,0,0,0,0,0,0,0,0,0,0,0,0,4377,2512,0.573909070139365,16.234693877551,37.796,6,0,0,0.0013708019191226,2026-03-01
Y62,RXN,LANCASHIRE TEACHING HOSPITALS NHS FOUNDATION TRUST,C_110,Trauma and Orthopaedic Service,142,332,176,140,80,61,100,128,109,102,157,124,97,234,101,161,116,131,96,140,150,84,116,40,130,76,53,112,67,83,54,65,64,58,61,36,39,30,25,11,24,28,36,41,22,35,19,22,28,18,14,24,10,14,14,11,3,4,1,4,2,1,0,1,0,0,0,0,0,0,0,0,0,0,0,0,0,0,0,0,0,0,0,0,0,0,0,0,0,0,0,0,0,0,0,0,0,0,0,0,0,0,0,0,0,4457,2491,0.558896118465335,15.9037267080745,40.81,65,0,0,0.0145838007628449,2025-09-01
Y62,RXN,LANCASHIRE TEACHING HOSPITALS NHS FOUNDATION TRUST,C_110,Trauma and Orthopaedic Service,184,148,158,141,88,171,116,139,146,169,113,99,141,114,95,99,104,86,29,87,79,66,78,49,78,73,64,49,56,55,42,70,31,33,44,17,20,32,33,20,28,18,12,21,12,18,8,12,9,15,5,16,6,13,6,2,3,5,4,1,1,2,1,1,0,1,1,0,0,0,0,0,0,0,0,0,0,0,0,0,0,0,0,0,0,0,0,0,0,0,0,0,0,0,0,0,0,0,0,0,0,0,0,0,0,3637,2311,0.635413802584548,13.0482456140351,37.47,47,0,2,,2024-04-01
Y62,RXN,LANCASHIRE TEACHING HOSPITALS NHS FOUNDATION TRUST,C_110,Trauma and Orthopaedic Service,41,94,115,142,154,226,201,145,111,178,170,115,184,80,83,108,123,110,85,65,71,77,97,73,69,66,61,73,65,48,45,47,61,41,42,54,37,37,26,17,35,16,22,26,35,17,13,26,16,16,13,11,8,3,7,5,5,1,5,5,5,1,1,0,0,0,0,0,0,0,0,0,0,0,0,0,0,0,0,0,0,0,0,0,0,0,0,0,0,0,0,0,0,0,0,0,0,0,0,0,0,0,0,0,0,3929,2380,0.605752099770934,14.1024096385542,38.7953846153846,46,0,0,,2024-12-01
Y62,RXN,LANCASHIRE TEACHING HOSPITALS NHS FOUNDATION TRUST,C_110,Trauma and Orthopaedic Service,251,166,206,141,146,129,216,128,101,128,45,159,94,50,156,137,66,113,87,93,86,109,84,42,63,29,23,52,54,66,76,62,59,40,60,41,50,53,51,34,39,33,33,29,25,12,22,15,22,8,16,8,10,7,3,0,2,1,0,0,0,0,1,0,0,0,0,0,0,0,0,0,0,0,0,0,0,0,0,0,0,0,0,0,0,0,0,0,0,0,0,0,0,0,0,0,0,0,0,0,0,0,0,0,0,4032,2432,0.603174603174603,14.3589743589744,38.9498039215686,24,0,0,0.0059523809523809,2025-06-01
Y62,RXN,LANCASHIRE TEACHING HOSPITALS NHS FOUNDATION TRUST,C_110,Trauma and Orthopaedic Service,135,132,162,124,152,264,174,139,118,111,150,181,86,132,83,107,94,72,48,135,112,57,88,82,75,77,89,60,43,49,21,26,38,41,50,67,40,48,31,50,35,41,51,27,27,20,28,22,15,10,16,15,7,8,10,4,0,2,1,1,0,1,0,0,0,0,0,0,0,0,0,0,0,0,0,0,0,0,0,0,0,0,0,0,0,0,0,0,0,0,0,0,0,0,0,0,0,0,0,0,0,0,0,0,0,4084,2416,0.591576885406464,13.8636363636364,40.408,34,0,0,0.0083251714005876,2025-07-01
Y62,RXN,LANCASHIRE TEACHING HOSPITALS NHS FOUNDATION TRUST,C_110,Trauma and Orthopaedic Service,207,192,163,177,125,139,219,135,113,123,143,117,107,140,112,110,72,65,69,85,66,70,102,53,40,61,45,41,55,43,33,28,35,32,25,25,20,26,40,27,21,26,25,17,27,14,14,13,6,10,11,13,7,5,5,2,8,3,2,3,3,2,2,3,0,3,0,0,0,0,0,0,0,0,0,0,0,0,0,0,0,0,0,0,0,0,0,0,0,0,0,0,0,0,0,0,0,0,0,0,0,0,0,0,0,3725,2459,0.66013422818792,12.088785046729,38.35,48,0,3,,2024-07-01
Y62,RXN,LANCASHIRE TEACHING HOSPITALS NHS FOUNDATION TRUST,C_110,Trauma and Orthopaedic Service,79,233,204,154,154,156,165,141,106,160,136,111,81,80,108,80,101,140,81,58,55,81,65,61,48,61,27,33,41,40,29,37,27,47,48,26,34,29,34,32,27,18,20,12,8,21,17,10,11,11,6,8,7,3,4,5,5,3,6,3,8,1,1,1,0,0,2,0,0,0,0,0,0,0,0,0,0,0,0,0,0,0,0,0,0,0,0,0,0,0,0,0,0,0,0,0,0,0,0,0,0,0,0,0,0,3601,2389,0.6634268258817,12.0185185185185,37.8593103448276,49,0,2,,2024-06-01
Y62,RXN,LANCASHIRE TEACHING HOSPITALS NHS FOUNDATION TRUST,C_110,Trauma and Orthopaedic Service,27,94,125,179,230,216,377,276,173,103,139,225,188,101,221,117,125,63,24,59,66,34,63,65,81,33,84,49,72,48,42,62,59,62,38,58,21,49,39,20,33,39,39,25,30,24,33,21,19,16,12,10,4,2,6,8,6,1,4,5,3,0,1,2,0,0,0,0,0,0,0,0,0,0,0,0,0,0,0,0,0,0,0,0,0,0,0,0,0,0,0,0,0,0,0,0,0,0,0,0,0,0,0,0,0,4450,2979,0.669438202247191,12.3244680851064,39.35,42,0,0,0.009438202247191,2025-12-01
Y62,RXN,LANCASHIRE TEACHING HOSPITALS NHS FOUNDATION TRUST,C_110,Trauma and Orthopaedic Service,120,113,294,88,170,52,106,82,170,89,157,129,124,120,177,78,127,234,106,115,92,121,162,70,94,67,22,53,102,107,139,105,169,54,34,36,57,69,36,38,52,36,30,18,6,17,23,10,15,19,15,10,13,5,9,0,4,0,1,0,0,0,0,0,0,0,0,0,0,0,0,0,0,0,0,0,0,0,0,0,0,0,0,0,0,0,0,0,0,0,0,0,0,0,0,0,0,0,0,0,0,0,0,0,0,4561,2430,0.532777899583425,17.3611111111111,37.8857971014493,32,0,0,0.0070160052620039,2026-06-01
Y62,RXN,LANCASHIRE TEACHING HOSPITALS NHS FOUNDATION TRUST,C_110,Trauma and Orthopaedic Service,125,333,138,243,126,83,198,181,159,102,106,89,119,171,162,95,114,140,111,119,65,182,147,130,61,100,123,85,91,64,23,16,44,44,93,49,100,50,40,17,38,55,42,24,45,25,31,16,4,7,13,5,8,5,7,1,2,4,0,0,1,0,0,0,0,0,0,0,0,0,0,0,0,0,0,0,0,0,0,0,0,0,0,0,0,0,0,0,0,0,0,0,0,0,0,0,0,0,0,0,0,0,0,0,0,4771,2684,0.5625654998952,15.5315789473684,38.208,28,0,0,0.005868790609935,2026-07-01
Y62,RXN,LANCASHIRE TEACHING HOSPITALS NHS FOUNDATION TRUST,C_110,Trauma and Orthopaedic Service,155,220,156,188,177,231,122,142,134,121,161,125,124,90,118,123,77,85,100,93,62,42,67,64,40,61,67,57,37,56,36,30,47,37,27,18,29,27,23,17,18,20,40,23,16,21,15,14,18,13,9,13,3,7,7,8,2,3,2,2,3,0,2,1,0,1,0,1,1,0,0,0,0,0,0,0,0,0,0,0,0,0,0,0,0,0,0,0,0,0,0,0,0,0,0,0,0,0,0,0,0,0,0,0,0,3849,2549,0.662249935048064,11.94,37.8177777777778,43,0,3,,2024-08-01
Y62,RXN,LANCASHIRE TEACHING HOSPITALS NHS FOUNDATION TRUST,C_110,Trauma and Orthopaedic Service,32,88,100,122,149,130,146,102,154,232,153,155,107,117,116,183,99,125,83,79,107,73,57,116,112,35,80,89,71,69,74,48,34,48,14,19,38,36,37,52,42,39,21,47,22,29,37,24,21,13,23,14,15,6,8,8,3,1,3,1,0,0,1,1,0,0,0,0,0,0,0,0,0,0,0,0,0,0,0,0,0,0,0,0,0,0,0,0,0,0,0,0,0,0,0,0,0,0,0,0,0,0,0,0,0,4060,2310,0.568965517241379,15.6939890710383,41.3128205128205,47,0,0,0.0115763546798029,2025-08-01
Y62,RXN,LANCASHIRE TEACHING HOSPITALS NHS FOUNDATION TRUST,C_110,Trauma and Orthopaedic Service,121,226,158,139,150,175,167,103,84,129,136,85,134,135,94,80,112,72,76,84,68,57,26,57,51,54,45,51,38,65,50,35,41,38,41,45,38,24,29,11,17,22,20,13,16,15,12,14,10,8,7,6,7,8,7,3,13,3,2,0,2,1,2,1,1,0,0,0,0,0,0,0,0,0,0,0,0,0,0,0,0,0,0,0,0,0,0,0,0,0,0,0,0,0,0,0,0,0,0,0,0,0,0,0,0,3534,2300,0.650820599886814,12.7014925373134,36.7705263157895,50,0,0,,2024-05-01
Y62,RXN,LANCASHIRE TEACHING HOSPITALS NHS FOUNDATION TRUST,C_110,Trauma and Orthopaedic Service,136,218,221,123,159,115,125,120,88,72,185,161,74,114,109,91,113,134,91,63,77,27,39,73,72,81,103,55,62,47,71,49,71,69,48,38,44,51,37,38,25,21,32,22,27,22,17,16,16,16,8,12,1,2,3,1,1,1,0,0,1,0,0,0,0,0,0,0,0,0,0,0,0,0,0,0,0,0,0,0,0,0,0,0,0,0,0,0,0,0,0,0,0,0,0,0,0,0,0,0,0,0,0,0,0,3908,2358,0.603377686796315,14.394495412844,38.1718918918919,10,0,0,0.0025588536335721,2025-05-01
Y62,RXN,LANCASHIRE TEACHING HOSPITALS NHS FOUNDATION TRUST,C_110,Trauma and Orthopaedic Service,104,89,82,121,168,140,130,160,142,89,135,64,180,167,180,90,131,160,116,118,101,43,27,93,101,129,147,139,198,79,38,58,89,81,46,76,54,53,39,21,15,24,23,26,22,33,15,22,18,14,12,17,7,3,7,6,2,2,0,0,1,0,0,0,0,0,0,0,0,0,0,0,0,0,0,0,0,0,0,0,0,0,0,0,0,0,0,0,0,0,0,0,0,0,0,0,0,0,0,0,0,0,0,0,0,4447,2332,0.524398470879244,17.321875,37.4950943396226,28,0,0,0.0062963795817404,2026-05-01
Y62,RXN,LANCASHIRE TEACHING HOSPITALS NHS FOUNDATION TRUST,C_110,Trauma and Orthopaedic Service,126,134,152,162,124,56,111,140,143,146,137,121,154,146,99,138,101,150,129,93,66,112,48,77,83,70,44,69,63,31,45,35,42,32,46,31,43,29,20,27,34,31,10,18,16,18,17,4,16,10,5,3,9,8,7,11,2,0,3,4,3,2,2,1,3,2,3,1,2,2,3,2,1,0,0,0,0,0,0,0,0,1,0,0,0,1,1,0,0,0,0,0,0,1,0,0,0,0,0,0,0,0,0,0,0,3832,2340,0.610647181628392,14.6464646464646,37.911724137931,75,4,20,,2024-01-01
Y62,RXN,LANCASHIRE TEACHING HOSPITALS NHS FOUNDATION TRUST,C_110,Trauma and Orthopaedic Service,117,157,259,234,128,252,170,167,106,46,98,77,82,138,94,130,71,113,192,124,99,82,89,120,107,53,88,44,51,51,33,25,78,58,36,46,38,42,42,38,32,24,27,10,11,25,21,24,24,15,21,15,16,9,12,7,5,1,4,2,1,0,0,0,0,0,0,0,0,0,0,0,0,0,0,0,0,0,0,0,0,0,0,0,0,0,0,0,0,0,0,0,0,0,0,0,0,0,0,0,0,0,0,0,0,4281,2439,0.569726699369306,15.1192307692308,39.04,57,0,0,0.0133146461107217,2025-10-01
Y62,RXN,LANCASHIRE TEACHING HOSPITALS NHS FOUNDATION TRUST,C_110,Trauma and Orthopaedic Service,150,129,277,207,204,121,117,166,142,150,137,111,126,115,164,83,104,107,76,89,83,79,60,91,63,46,58,67,54,44,30,48,34,26,39,46,38,20,36,26,19,34,20,17,11,20,20,14,5,10,11,14,13,6,12,8,5,5,4,3,1,0,4,1,1,0,0,0,0,0,0,0,0,0,0,0,0,0,0,0,0,0,0,0,0,0,0,0,0,0,0,0,0,0,0,0,0,0,0,0,0,0,0,0,0,4021,2610,0.649092265605571,12.7896825396825,37.916,63,0,0,,2024-10-01
Y62,RXN,LANCASHIRE TEACHING HOSPITALS NHS FOUNDATION TRUST,C_110,Trauma and Orthopaedic Service,208,140,129,146,53,60,139,113,130,232,143,139,111,162,97,207,143,116,69,78,109,88,88,70,56,66,62,82,49,61,52,52,52,48,48,26,49,41,26,30,35,34,22,17,25,15,7,14,19,15,11,11,7,7,8,6,3,1,2,1,0,0,1,0,0,1,0,0,0,0,0,0,0,0,0,0,0,0,0,0,0,0,0,0,0,0,0,0,0,0,0,0,0,0,0,0,0,0,0,0,0,0,0,0,0,4032,2468,0.612103174603175,15.0676328502415,37.8887804878049,37,0,1,,2025-01-01
Y62,RXN,LANCASHIRE TEACHING HOSPITALS NHS FOUNDATION TRUST,C_110,Trauma and Orthopaedic Service,150,188,140,128,35,49,131,122,248,147,272,330,205,85,123,180,157,86,165,87,106,45,37,33,45,35,55,49,75,33,43,67,60,45,38,40,53,56,29,55,25,37,33,19,17,32,21,18,17,11,18,19,6,7,3,6,2,1,2,1,0,0,1,1,0,0,0,0,0,0,0,0,0,0,0,0,0,0,0,0,0,0,0,0,0,0,0,0,0,0,0,0,0,0,0,0,0,0,0,0,0,0,0,0,0,4324,2776,0.64199814986124,13.2,39.1105454545455,30,0,0,0.0069380203515263,2026-01-01
Y62,RXN,LANCASHIRE TEACHING HOSPITALS NHS FOUNDATION TRUST,C_110,Trauma and Orthopaedic Service,132,241,443,258,112,133,231,221,119,215,175,133,104,69,62,59,77,115,52,111,48,74,86,79,74,55,54,62,86,48,58,53,34,50,29,24,57,56,19,47,29,39,40,24,26,16,21,6,9,13,19,14,13,9,10,8,8,4,4,2,1,1,0,0,0,0,0,0,0,0,0,0,0,0,0,0,0,0,0,0,0,0,0,0,0,0,0,0,0,0,0,0,0,0,0,0,0,0,0,0,0,0,0,0,0,4471,2899,0.648400805188996,10.7457142857143,39.1131914893617,60,0,0,0.0134198165958398,2025-11-01
Y62,RXN,LANCASHIRE TEACHING HOSPITALS NHS FOUNDATION TRUST,C_110,Trauma and Orthopaedic Service,284,184,168,131,183,112,234,162,163,87,97,139,118,111,116,77,101,100,119,65,81,63,68,71,64,64,49,64,63,42,47,59,46,37,25,40,27,23,31,41,31,17,34,23,17,26,16,15,8,13,15,8,4,9,8,9,8,2,4,1,1,0,1,0,0,0,0,0,0,0,0,0,0,0,0,0,0,0,0,0,0,0,0,0,0,0,0,0,0,0,0,0,0,0,0,0,0,0,0,0,0,0,0,0,0,4026,2567,0.637605563835072,12.5847457627119,38.6425806451613,47,0,0,,2024-11-01
